<?xml version="1.0" encoding="UTF-8"?>
<!DOCTYPE usuarios SYSTEM "DTD/usuarios.dtd">
    <usuarios>
    <personas>
     <id>
        <nom>Pedro</nom>
        <apellid>Pérez</apellid>
        <nif>4637271E</nif>
     </id>
    <cont>
        <digital>
            <email>sdasdoiaoih@gmail.com</email>
            <telefono>322333263</telefono>
        </digital>
        <postal>
            <dir>Calle Alcaraz</dir>
            <cp>45321</cp>
        </postal>
    </cont>
    </personas>

    <personas>
     <id>
        <nom>Miguel</nom>
        <apellid>Castro</apellid>
        <nif>38183747W</nif>
     </id>
    <cont>
        <digital>
            <email>dejwwuueh@gamail.com</email>
            <telefono>123343125</telefono>
        </digital>
        <postal>
            <dir>Calle Domingo</dir>
            <cp>56777</cp>
        </postal>
    </cont>
    </personas>

    <personas>
     <id>
        <nom>Lucia</nom>
        <apellid>Rodriguez</apellid>
        <nif>23453461Q</nif>
     </id>
    <cont>
        <digital>
            <email>fiwhifh@gmail.com</email>
            <telefono>996731528</telefono>
        </digital>
        <postal>
            <dir>Calle Argentina</dir>
            <cp>35118</cp>
        </postal>
    </cont>
    </personas>
    </usuarios>
