<?xml version="1.0" encoding="UTF-8"?>
<usuarios>
	<usuario>
		<user>admin</user>
		<pwd>1234</pwd>
		<inf>info</inf>
	</usuario>
	<usuario>
		<user>lolo</user>
		<pwd>1256</pwd>
		<inf>info</inf>
	</usuario>
	<usuario>
		<user>suso</user>
		<pwd>3625</pwd>
		<inf>info</inf>
	</usuario>
	<usuario>
		<user>TONI</user>
		<pwd>2514</pwd>
		<inf>info</inf>
	</usuario>
	<usuario>
		<user>MARIA</user>
		<pwd>2564</pwd>
		<inf>info</inf>
	</usuario>
	<usuario>
		<user>pedro</user>
		<pwd>4562</pwd>
		<inf>info</inf>
	</usuario>
	<usuario>
		<user>Seve</user>
		<pwd>5678</pwd>
		<inf>info</inf>
	</usuario>
</usuarios>

